Row Name,Px,Py,Pz,Nx,Ny,Nz,UVx,UVy,UVz,pscale
0,304.6421203613281,-0.007837875746190548,192.24375915527344,0.0,-0.38268405199050903,-0.0,0.9618236422538757,1.0,1.0,42.0
1,299.0209045410156,-0.007837875746190548,186.30303955078125,0.0,-0.38268405199050903,-0.0,0.9618236422538757,1.0,1.0,3.0
2,302.4870910644531,-0.007837875746190548,159.60659790039062,-0.0,-0.9238794445991516,-0.0,0.9732674360275269,1.0,1.0,33.0
3,308.34881591796875,-0.007837875746190548,153.0806121826172,-0.0,-0.9238794445991516,-0.0,0.9732674360275269,1.0,1.0,15.0
4,336.4897766113281,-0.007837875746190548,154.885009765625,0.0,0.9238797426223755,0.0,0.9528017640113831,1.0,1.0,30.0
5,342.7087707519531,-0.007837875746190548,161.46694946289062,0.0,0.9238797426223755,0.0,0.9528017640113831,1.0,1.0,21.0
6,340.606689453125,-0.007837875746190548,189.42523193359375,0.0,0.36628592014312744,0.0,0.9749879837036133,1.0,1.0,33.0
7,334.6766357421875,-0.007837875746190548,195.93296813964844,0.0,0.36628592014312744,0.0,0.9749879837036133,1.0,1.0,15.0
8,365.794921875,-0.007837875746190548,183.8086700439453,0.0,0.9238795638084412,0.0,0.8741152882575989,1.0,1.0,6.0
9,361.1082763671875,-0.007837875746190548,205.06411743164062,0.0,0.3826834559440613,0.0,0.9828147888183594,1.0,1.0,42.0
10,351.279541015625,-0.007837875746190548,214.69415283203125,0.0,0.3826834559440613,0.0,0.9828147888183594,1.0,1.0,36.0
11,330.52423095703125,-0.007837875746190548,217.84034729003906,0.0,-0.38268232345581055,-0.0,0.8749129176139832,1.0,1.0,12.0
12,334.1685485839844,-0.007837875746190548,196.90965270996094,-0.0,-0.9305024147033691,-0.0,0.983921468257904,1.0,1.0,39.0
13,344.4343566894531,-0.007837875746190548,187.72073364257812,-0.0,-0.9305024147033691,-0.0,0.983921468257904,1.0,1.0,39.0
14,411.8312072753906,-0.007837875746190548,230.99472045898438,0.0,0.9238795638084412,0.0,0.8355288505554199,1.0,1.0,12.0
15,408.0250244140625,-0.007837875746190548,251.9809112548828,0.0,0.3826834559440613,0.0,0.9828147888183594,1.0,1.0,42.0
16,398.37921142578125,-0.007837875746190548,261.7938232421875,0.0,0.3826834559440613,0.0,0.9828147888183594,1.0,1.0,36.0
17,378.0044250488281,-0.007837875746190548,264.8215026855469,0.0,-0.3826834559440613,-0.0,0.8355288505554199,1.0,1.0,12.0
18,381.531494140625,-0.007837875746190548,243.5561981201172,-0.0,-0.9238795638084412,-0.0,0.9828147888183594,1.0,1.0,42.0
19,391.27374267578125,-0.007837875746190548,233.83969116210938,-0.0,-0.9238795638084412,-0.0,0.9828147888183594,1.0,1.0,36.0
20,354.4757385253906,-0.007837875746190548,241.1891326904297,0.0,-0.38268521428108215,-0.0,0.9464619159698486,1.0,1.0,24.0
21,355.3682556152344,-0.007837875746190548,212.48776245117188,-0.0,-0.9238792657852173,-0.0,0.9732656478881836,1.0,1.0,33.0
22,361.66143798828125,-0.007837875746190548,206.39329528808594,-0.0,-0.9238792657852173,-0.0,0.9732656478881836,1.0,1.0,15.0
23,388.78564453125,-0.007837875746190548,206.8792266845703,0.0,0.9238788485527039,0.0,0.9464619159698486,1.0,1.0,24.0
24,387.3411560058594,-0.007837875746190548,236.20225524902344,0.0,0.38268399238586426,0.0,0.9732656478881836,1.0,1.0,33.0
25,380.84588623046875,-0.007837875746190548,242.0946044921875,0.0,0.38268399238586426,0.0,0.9732656478881836,1.0,1.0,15.0
26,239.06512451171875,-0.007837875746190548,256.53643798828125,0.0,-0.3826831877231598,-0.0,0.9799394607543945,1.0,1.0,36.0
27,232.21043395996094,-0.007837875746190548,249.5326690673828,0.0,-0.3826831877231598,-0.0,0.9799394607543945,1.0,1.0,18.0
28,232.62657165527344,-0.007837875746190548,229.20411682128906,-0.0,-0.9238795638084412,-0.0,0.9178730845451355,1.0,1.0,24.0
29,256.2261657714844,-0.007837875746190548,231.08560180664062,0.0,0.9310787320137024,0.0,0.981670081615448,1.0,1.0,42.0
30,263.3540344238281,-0.007837875746190548,237.83639526367188,0.0,0.9310787320137024,0.0,0.981670081615448,1.0,1.0,12.0
31,305.40936279296875,-0.007837875746190548,299.44696044921875,0.0,0.3826834559440613,0.0,0.9263728857040405,1.0,1.0,3.0
32,278.03961181640625,-0.007837875746190548,295.0045471191406,0.0,-0.3826839029788971,-0.0,0.9641516804695129,1.0,1.0,39.0
33,269.5216064453125,-0.007837875746190548,287.1603698730469,0.0,-0.3826839029788971,-0.0,0.9641516804695129,1.0,1.0,27.0
34,293.83856201171875,-0.007837875746190548,266.2759704589844,0.0,0.9299866557121277,0.0,0.9653701186180115,1.0,1.0,42.0
35,302.6827392578125,-0.007837875746190548,273.7796630859375,0.0,0.9299866557121277,0.0,0.9653701186180115,1.0,1.0,24.0
36,344.63543701171875,-0.007837875746190548,260.7662048339844,-0.0,-0.9238790273666382,-0.0,0.9719184637069702,1.0,1.0,21.0
37,372.00140380859375,-0.007837875746190548,261.2748107910156,0.0,0.9238790273666382,0.0,0.9603627920150757,1.0,1.0,21.0
38,371.066650390625,-0.007837875746190548,288.93927001953125,0.0,0.3826834559440613,0.0,0.9307848215103149,1.0,1.0,30.0
39,343.95068359375,-0.007837875746190548,289.36199951171875,0.0,-0.41113370656967163,-0.0,0.9699110388755798,1.0,1.0,21.0
40,339.61505126953125,-0.007837875746190548,320.390869140625,0.0,0.3826834559440613,0.0,0.9813230037689209,1.0,1.0,42.0
41,333.4534912109375,-0.007837875746190548,326.71954345703125,0.0,0.3826834559440613,0.0,0.9813230037689209,1.0,1.0,6.0
42,307.9444580078125,-0.007837875746190548,325.331787109375,0.0,-0.3826834559440613,-0.0,0.9603601098060608,1.0,1.0,21.0
43,308.84161376953125,-0.007837875746190548,296.73443603515625,-0.0,-0.9238795638084412,-0.0,0.9584344029426575,1.0,1.0,30.0
44,316.26300048828125,-0.007837875746190548,289.923828125,-0.0,-0.9238795638084412,-0.0,0.9584344029426575,1.0,1.0,27.0
45,343.3275146484375,-0.007837875746190548,289.91229248046875,0.0,0.9115750789642334,0.0,0.9699110388755798,1.0,1.0,21.0
46,284.77996826171875,-0.007837875746190548,242.3025665283203,0.0,0.3826834559440613,0.0,0.9379221200942993,1.0,1.0,27.0
47,268.16070556640625,-0.007837875746190548,240.79879760742188,0.0,-0.36481866240501404,-0.0,0.9877799153327942,1.0,1.0,39.0
48,260.94873046875,-0.007837875746190548,234.0489501953125,0.0,-0.36481866240501404,-0.0,0.9877799153327942,1.0,1.0,15.0
49,255.31283569335938,-0.007837875746190548,228.5045928955078,0.0,-0.36481866240501404,-0.0,0.9877799153327942,1.0,1.0,27.0
50,270.0772705078125,-0.007837875746190548,213.7942352294922,0.0,0.9285475015640259,0.0,0.9871031641960144,1.0,1.0,27.0
51,277.2396240234375,-0.007837875746190548,220.5867462158203,0.0,0.9285475015640259,0.0,0.9871031641960144,1.0,1.0,27.0
52,283.8871765136719,-0.007837875746190548,227.92019653320312,0.0,0.9285475015640259,0.0,0.9871031641960144,1.0,1.0,27.0
53,273.03607177734375,-0.007837875746190548,189.0576171875,-0.0,-0.9238792657852173,-0.0,0.9526037573814392,1.0,1.0,21.0
54,301.5957336425781,-0.007837875746190548,189.84921264648438,0.0,0.9238792657852173,0.0,0.9618236422538757,1.0,1.0,30.0
55,306.8209228515625,-0.007837875746190548,196.18597412109375,0.0,0.9238792657852173,0.0,0.9618236422538757,1.0,1.0,15.0
56,306.1954040527344,-0.007837875746190548,221.35867309570312,0.0,0.3615571856498718,0.0,0.9294813871383667,1.0,1.0,18.0
57,275.72210693359375,-0.007837875746190548,218.5548858642578,0.0,-0.3712139129638672,-0.0,0.9742056131362915,1.0,1.0,42.0
58,323.8390808105469,-0.007837875746190548,281.0172424316406,0.0,0.3826834559440613,0.0,0.8963376879692078,1.0,1.0,18.0
59,307.8692626953125,-0.007837875746190548,278.46142578125,0.0,-0.36759281158447266,-0.0,0.9811108112335205,1.0,1.0,42.0
60,297.5530700683594,-0.007837875746190548,267.9476013183594,0.0,-0.36759281158447266,-0.0,0.9811108112335205,1.0,1.0,42.0
61,287.2171325683594,-0.007837875746190548,258.1723937988281,0.0,-0.36759281158447266,-0.0,0.9811108112335205,1.0,1.0,39.0
62,284.93438720703125,-0.007837875746190548,242.4569854736328,-0.0,-0.9238795638084412,-0.0,0.9379221200942993,1.0,1.0,27.0
63,299.45538330078125,-0.007837875746190548,242.49766540527344,0.0,0.9192733764648438,0.0,0.9807986617088318,1.0,1.0,24.0
64,307.0248718261719,-0.007837875746190548,251.54257202148438,0.0,0.9192733764648438,0.0,0.9807986617088318,1.0,1.0,42.0
65,315.56719970703125,-0.007837875746190548,259.6596984863281,0.0,0.9192733764648438,0.0,0.9807986617088318,1.0,1.0,24.0
66,322.5901794433594,-0.007837875746190548,266.5152282714844,0.0,0.9192733764648438,0.0,0.9807986617088318,1.0,1.0,30.0
67,307.0752868652344,-0.007837875746190548,222.32257080078125,-0.0,-0.9323499202728271,-0.0,0.9294813871383667,1.0,1.0,18.0
68,336.90582275390625,-0.007837875746190548,225.06040954589844,0.0,0.9238794445991516,0.0,0.9721546173095703,1.0,1.0,39.0
69,343.92913818359375,-0.007837875746190548,233.16026306152344,0.0,0.9238794445991516,0.0,0.9721546173095703,1.0,1.0,21.0
70,344.449951171875,-0.007837875746190548,260.5807189941406,0.0,0.38268473744392395,0.0,0.9719184637069702,1.0,1.0,21.0
71,314.58978271484375,-0.007837875746190548,257.78173828125,0.0,-0.3936190605163574,-0.0,0.9647992253303528,1.0,1.0,42.0
72,306.7265319824219,-0.007837875746190548,249.2823486328125,0.0,-0.3936190605163574,-0.0,0.9647992253303528,1.0,1.0,24.0
73,282.58319091796875,-5.167501876712777e-05,-12.498771667480469,0.0,0.9238793253898621,0.0,0.9304276704788208,1.0,1.0,39.0
74,284.6070861816406,-5.167501876712777e-05,17.106706619262695,0.0,0.38268378376960754,0.0,0.9732651114463806,1.0,1.0,24.0
75,278.2848815917969,-5.167501876712777e-05,23.172115325927734,0.0,0.38268378376960754,0.0,0.9732651114463806,1.0,1.0,24.0
76,248.12327575683594,-5.167501876712777e-05,20.84900665283203,0.0,-0.38268330693244934,-0.0,0.9732540845870972,1.0,1.0,42.0
77,247.47767639160156,-5.167501876712777e-05,-9.67031478881836,-0.0,-0.9298380613327026,-0.0,0.9746527075767517,1.0,1.0,33.0
78,254.07293701171875,-5.167501876712777e-05,-15.461071968078613,-0.0,-0.9298380613327026,-0.0,0.9746527075767517,1.0,1.0,15.0
79,300.0948791503906,-5.167501876712777e-05,-102.73719024658203,-0.0,-0.9238786697387695,-0.0,0.588316023349762,1.0,1.0,3.0
80,325.5604553222656,-5.167501876712777e-05,-100.3607406616211,0.0,0.9238795638084412,0.0,0.9942824840545654,1.0,1.0,24.0
81,333.57421875,-5.167501876712777e-05,-91.50096893310547,0.0,0.9238795638084412,0.0,0.9942824840545654,1.0,1.0,42.0
82,344.623291015625,-5.167501876712777e-05,-81.45813751220703,0.0,0.9238795638084412,0.0,0.9942824840545654,1.0,1.0,42.0
83,353.1087341308594,-5.167501876712777e-05,-73.07003784179688,0.0,0.9238795638084412,0.0,0.9942824840545654,1.0,1.0,24.0
84,353.2962646484375,-5.167501876712777e-05,-51.58246612548828,0.0,0.38268283009529114,0.0,0.9202457070350647,1.0,1.0,24.0
85,329.5083312988281,-5.167501876712777e-05,-53.710418701171875,0.0,-0.36472877860069275,-0.0,0.995450496673584,1.0,1.0,42.0
86,321.0080261230469,-5.167501876712777e-05,-62.11231231689453,0.0,-0.36472877860069275,-0.0,0.995450496673584,1.0,1.0,24.0
87,313.1906433105469,-5.167501876712777e-05,-68.32100677490234,0.0,-0.36472877860069275,-0.0,0.995450496673584,1.0,1.0,30.0
88,304.7679138183594,-5.167501876712777e-05,-76.80670166015625,0.0,-0.36472877860069275,-0.0,0.995450496673584,1.0,1.0,36.0
89,251.79519653320312,-5.167501876712777e-05,-148.9901885986328,-0.0,-0.9238795638084412,-0.0,0.814217209815979,1.0,1.0,12.0
90,279.5055847167969,-5.167501876712777e-05,-146.5440216064453,0.0,0.9238794445991516,0.0,0.9913078546524048,1.0,1.0,33.0
91,288.32769775390625,-5.167501876712777e-05,-137.84210205078125,0.0,0.9238794445991516,0.0,0.9913078546524048,1.0,1.0,36.0
92,295.9714050292969,-5.167501876712777e-05,-129.36375427246094,0.0,0.9238794445991516,0.0,0.9913078546524048,1.0,1.0,27.0
93,298.8565673828125,-5.167501876712777e-05,-103.9754638671875,0.0,0.3826855421066284,0.0,0.588316023349762,1.0,1.0,3.0
94,271.3106384277344,-5.167501876712777e-05,-107.53211212158203,0.0,-0.3625604510307312,-0.0,0.9931017160415649,1.0,1.0,39.0
95,261.58538818359375,-5.167501876712777e-05,-116.02864837646484,0.0,-0.3625604510307312,-0.0,0.9931017160415649,1.0,1.0,33.0
96,253.85536193847656,-5.167501876712777e-05,-123.02760314941406,0.0,-0.3625604510307312,-0.0,0.9931017160415649,1.0,1.0,24.0
97,178.7332305908203,-5.167501876712777e-05,-48.75055694580078,0.0,-0.3826836049556732,-0.0,0.9603631496429443,1.0,1.0,21.0
98,179.9532012939453,-5.167501876712777e-05,-77.22416687011719,-0.0,-0.9238795638084412,-0.0,0.9732668399810791,1.0,1.0,33.0
99,186.0894775390625,-5.167501876712777e-05,-83.47554016113281,-0.0,-0.9238795638084412,-0.0,0.9732668399810791,1.0,1.0,15.0
100,213.42691040039062,-5.167501876712777e-05,-82.57974243164062,0.0,0.9238796830177307,0.0,0.9894986748695374,1.0,1.0,24.0
101,212.62391662597656,-5.167501876712777e-05,-54.206809997558594,0.0,0.37125223875045776,0.0,0.9741050004959106,1.0,1.0,27.0
102,206.16307067871094,-5.167501876712777e-05,-48.278717041015625,0.0,0.37125223875045776,0.0,0.9741050004959106,1.0,1.0,21.0
103,257.50897216796875,-5.167501876712777e-05,-39.279056549072266,0.0,-0.3826836347579956,-0.0,0.9010485410690308,1.0,1.0,18.0
104,259.0050048828125,-5.167501876712777e-05,-60.607913970947266,-0.0,-0.9192793369293213,-0.0,0.9930375814437866,1.0,1.0,30.0
105,267.3147277832031,-5.167501876712777e-05,-69.8359375,-0.0,-0.9192793369293213,-0.0,0.9930375814437866,1.0,1.0,39.0
106,276.5177307128906,-5.167501876712777e-05,-78.898193359375,-0.0,-0.9192793369293213,-0.0,0.9930375814437866,1.0,1.0,33.0
107,299.39111328125,-5.167501876712777e-05,-80.93203735351562,0.0,0.9405495524406433,0.0,0.940606951713562,1.0,1.0,27.0
108,298.1825866699219,-5.167501876712777e-05,-59.24647521972656,0.0,0.3708646595478058,0.0,0.9910103678703308,1.0,1.0,42.0
109,288.02923583984375,-5.167501876712777e-05,-49.79020309448242,0.0,0.3708646595478058,0.0,0.9910103678703308,1.0,1.0,36.0
110,278.99530029296875,-5.167501876712777e-05,-41.313899993896484,0.0,0.3708646595478058,0.0,0.9910103678703308,1.0,1.0,33.0
111,213.74191284179688,-5.167501876712777e-05,-82.89474487304688,0.0,-0.382683128118515,-0.0,0.9894986748695374,1.0,1.0,24.0
112,215.4409637451172,-5.167501876712777e-05,-112.63594818115234,-0.0,-0.9238795638084412,-0.0,0.9929776787757874,1.0,1.0,36.0
113,223.7711181640625,-5.167501876712777e-05,-121.15718078613281,-0.0,-0.9238795638084412,-0.0,0.9929776787757874,1.0,1.0,30.0
114,252.8046875,-5.167501876712777e-05,-121.09304809570312,0.0,0.9238793253898621,0.0,0.9207319021224976,1.0,1.0,30.0
115,252.1382293701172,-5.167501876712777e-05,-92.10794830322266,0.0,0.37254706025123596,0.0,0.9935348033905029,1.0,1.0,33.0
116,243.72975158691406,-5.167501876712777e-05,-83.65048217773438,0.0,0.37254706025123596,0.0,0.9935348033905029,1.0,1.0,33.0
117,277.9758605957031,-5.167501876712777e-05,-99.07020568847656,0.0,0.9447190761566162,0.0,0.9125476479530334,1.0,1.0,6.0
118,275.3291015625,-5.167501876712777e-05,-78.65953063964844,0.0,0.39360570907592773,0.0,0.9930375814437866,1.0,1.0,39.0
119,265.1902160644531,-5.167501876712777e-05,-69.11762237548828,0.0,0.39360570907592773,0.0,0.9930375814437866,1.0,1.0,39.0
120,257.6365966796875,-5.167501876712777e-05,-60.54072570800781,0.0,0.39360570907592773,0.0,0.9930375814437866,1.0,1.0,24.0
121,237.8397216796875,-5.167501876712777e-05,-58.84706115722656,0.0,-0.3826829493045807,-0.0,0.8637564182281494,1.0,1.0,15.0
122,241.697265625,-5.167501876712777e-05,-80.71878051757812,-0.0,-0.9280133247375488,-0.0,0.9954366087913513,1.0,1.0,42.0
123,249.24876403808594,-5.167501876712777e-05,-87.9451904296875,-0.0,-0.9280133247375488,-0.0,0.9954366087913513,1.0,1.0,15.0
124,256.4298400878906,-5.167501876712777e-05,-94.11898803710938,-0.0,-0.9280133247375488,-0.0,0.9954366087913513,1.0,1.0,36.0
125,257.0426025390625,-5.167501876712777e-05,-38.81266403198242,0.0,0.9238795042037964,0.0,0.9010485410690308,1.0,1.0,18.0
126,253.96800231933594,-5.167501876712777e-05,-17.089797973632812,0.0,0.36796870827674866,0.0,0.9837055802345276,1.0,1.0,39.0
127,243.65744018554688,-5.167501876712777e-05,-7.951392650604248,0.0,0.36796870827674866,0.0,0.9837055802345276,1.0,1.0,39.0
128,222.36019897460938,-5.167501876712777e-05,-4.257987022399902,0.0,-0.38268473744392395,-0.0,0.8355808258056641,1.0,1.0,9.0
129,226.03994750976562,-5.167501876712777e-05,-25.562461853027344,-0.0,-0.9184104800224304,-0.0,0.9835137724876404,1.0,1.0,39.0
130,235.32919311523438,-5.167501876712777e-05,-35.72883224487305,-0.0,-0.9184104800224304,-0.0,0.9835137724876404,1.0,1.0,39.0
131,202.85829162597656,-5.167501876712777e-05,-23.745683670043945,0.0,-0.3826830983161926,-0.0,0.9746637344360352,1.0,1.0,21.0
132,205.6751251220703,-5.167501876712777e-05,-46.58482360839844,-0.0,-0.9285321235656738,-0.0,0.9833531975746155,1.0,1.0,42.0
133,215.70169067382812,-5.167501876712777e-05,-56.01895523071289,-0.0,-0.9285321235656738,-0.0,0.9833531975746155,1.0,1.0,36.0
134,237.474609375,-5.167501876712777e-05,-58.48194122314453,0.0,0.9238797426223755,0.0,0.8637564182281494,1.0,1.0,15.0
135,234.30734252929688,-5.167501876712777e-05,-36.69478988647461,0.0,0.3956288695335388,0.0,0.9835137724876404,1.0,1.0,39.0
136,225.4284210205078,-5.167501876712777e-05,-26.140544891357422,0.0,0.3956288695335388,0.0,0.9835137724876404,1.0,1.0,39.0
137,309.0306701660156,-5.167501876712777e-05,-7.316864013671875,0.0,0.38268229365348816,0.0,0.9029880166053772,1.0,1.0,18.0
138,287.9504699707031,-5.167501876712777e-05,-9.725132942199707,0.0,-0.3826830983161926,-0.0,0.9594171643257141,1.0,1.0,33.0
139,279.7411193847656,-5.167501876712777e-05,-17.797616958618164,0.0,-0.3826830983161926,-0.0,0.9594171643257141,1.0,1.0,33.0
140,277.94073486328125,-5.167501876712777e-05,-38.39649963378906,-0.0,-0.9341381788253784,-0.0,0.909221351146698,1.0,1.0,18.0
141,300.2579040527344,-5.167501876712777e-05,-35.956626892089844,0.0,0.9238796830177307,0.0,0.975145161151886,1.0,1.0,33.0
142,307.2590637207031,-5.167501876712777e-05,-27.788087844848633,0.0,0.9238796830177307,0.0,0.975145161151886,1.0,1.0,27.0
143,300.7176208496094,-5.167501876712777e-05,-59.20207977294922,-0.0,-0.9238823056221008,-0.0,0.6497398614883423,1.0,1.0,3.0
144,327.1577453613281,-5.167501876712777e-05,-55.9611701965332,0.0,0.9238792657852173,0.0,0.9544307589530945,1.0,1.0,33.0
145,330.8167724609375,-5.167501876712777e-05,-29.102951049804688,0.0,0.38267627358436584,0.0,0.6497392058372498,1.0,1.0,3.0
146,303.9585876464844,-5.167501876712777e-05,-32.76197052001953,0.0,-0.38268399238586426,-0.0,0.9544305205345154,1.0,1.0,33.0
147,45.799434661865234,-2.7145077183376998e-05,63.25308609008789,-0.0,-0.9238795042037964,-0.0,0.9528021812438965,1.0,1.0,39.0
148,51.960391998291016,-2.7145077183376998e-05,56.61311340332031,-0.0,-0.9238795042037964,-0.0,0.9528021812438965,1.0,1.0,12.0
149,79.34327697753906,-2.7145077183376998e-05,59.401268005371094,0.0,0.9238795042037964,0.0,0.973267138004303,1.0,1.0,33.0
150,86.01185607910156,-2.7145077183376998e-05,65.12036895751953,0.0,0.9238795042037964,0.0,0.973267138004303,1.0,1.0,15.0
151,83.44092559814453,-2.7145077183376998e-05,93.48351287841797,0.0,0.38268357515335083,0.0,0.9528020620346069,1.0,1.0,36.0
152,77.4394760131836,-2.7145077183376998e-05,100.2829818725586,0.0,0.38268357515335083,0.0,0.9528020620346069,1.0,1.0,15.0
153,49.6607780456543,-2.7145077183376998e-05,98.7186279296875,0.0,-0.38268348574638367,-0.0,0.9732673168182373,1.0,1.0,27.0
154,43.434112548828125,-2.7145077183376998e-05,92.5576171875,0.0,-0.38268348574638367,-0.0,0.9732673168182373,1.0,1.0,21.0
155,55.00025939941406,-2.7145077183376998e-05,121.92417907714844,0.0,0.3826829493045807,0.0,0.8741053938865662,1.0,1.0,6.0
156,33.941646575927734,-2.7145077183376998e-05,117.9665298461914,0.0,-0.3826834559440613,-0.0,0.982814371585846,1.0,1.0,42.0
157,24.15903663635254,-2.7145077183376998e-05,108.29041290283203,0.0,-0.3826834559440613,-0.0,0.982814371585846,1.0,1.0,36.0
158,21.06429100036621,-2.7145077183376998e-05,87.98822784423828,-0.0,-0.9238796234130859,-0.0,0.8741049766540527,1.0,1.0,6.0
159,41.967864990234375,-2.7145077183376998e-05,91.87149047851562,0.0,0.9238795638084412,0.0,0.9828144907951355,1.0,1.0,42.0
160,51.24006652832031,-2.7145077183376998e-05,102.05802154541016,0.0,0.9238795638084412,0.0,0.9828144907951355,1.0,1.0,36.0
161,8.782045364379883,-2.7145077183376998e-05,168.92831420898438,0.0,0.38268402218818665,0.0,0.8355234265327454,1.0,1.0,12.0
162,-12.448802947998047,-2.7145077183376998e-05,165.0519256591797,0.0,-0.3826836347579956,-0.0,0.982814371585846,1.0,1.0,39.0
163,-22.550729751586914,-2.7145077183376998e-05,155.69512939453125,0.0,-0.3826836347579956,-0.0,0.982814371585846,1.0,1.0,39.0
164,-25.546871185302734,-2.7145077183376998e-05,134.59938049316406,-0.0,-0.9238790273666382,-0.0,0.8355266451835632,1.0,1.0,12.0
165,-4.093418598175049,-2.7145077183376998e-05,137.93276977539062,0.0,0.9238795638084412,0.0,0.9828141331672668,1.0,1.0,42.0
166,5.747538089752197,-2.7145077183376998e-05,147.550537109375,0.0,0.9238795638084412,0.0,0.9828141331672668,1.0,1.0,36.0
167,-1.9663481712341309,-2.7145077183376998e-05,111.01886749267578,-0.0,-0.9238795638084412,-0.0,0.9464631676673889,1.0,1.0,24.0
168,26.38466453552246,-2.7145077183376998e-05,111.67168426513672,0.0,0.9238795042037964,0.0,0.973267138004303,1.0,1.0,30.0
169,32.8328742980957,-2.7145077183376998e-05,117.61113739013672,0.0,0.9238795042037964,0.0,0.973267138004303,1.0,1.0,18.0
170,32.362571716308594,-2.7145077183376998e-05,145.34779357910156,0.0,0.38268357515335083,0.0,0.9464651942253113,1.0,1.0,24.0
171,3.6717875003814697,-2.7145077183376998e-05,144.70761108398438,0.0,-0.38268378376960754,-0.0,0.9732673168182373,1.0,1.0,27.0
172,-2.1380743980407715,-2.7145077183376998e-05,138.12979125976562,0.0,-0.38268378376960754,-0.0,0.9732673168182373,1.0,1.0,21.0
173,81.9896011352539,-2.7145077183376998e-05,225.68807983398438,0.0,0.3826834559440613,0.0,0.9799399375915527,1.0,1.0,33.0
174,74.91704559326172,-2.7145077183376998e-05,232.4739532470703,0.0,0.3826834559440613,0.0,0.9799399375915527,1.0,1.0,21.0
175,54.205753326416016,-2.7145077183376998e-05,232.25527954101562,0.0,-0.3826834559440613,-0.0,0.9178730845451355,1.0,1.0,24.0
176,54.82823181152344,-2.7145077183376998e-05,210.27420043945312,-0.0,-0.9163377285003662,-0.0,0.9816706776618958,1.0,1.0,30.0
177,61.56956481933594,-2.7145077183376998e-05,203.13755798339844,-0.0,-0.9163377285003662,-0.0,0.9816706776618958,1.0,1.0,24.0
178,124.2403335571289,-2.7145077183376998e-05,159.68081665039062,0.0,0.9238795638084412,0.0,0.9263944625854492,1.0,1.0,3.0
179,120.76117706298828,-2.7145077183376998e-05,186.34645080566406,0.0,0.38268357515335083,0.0,0.9641523957252502,1.0,1.0,33.0
180,112.66166687011719,-2.7145077183376998e-05,194.60916137695312,0.0,0.38268357515335083,0.0,0.9641523957252502,1.0,1.0,33.0
181,90.49883270263672,-2.7145077183376998e-05,171.7457275390625,-0.0,-0.9175273776054382,-0.0,0.9653692245483398,1.0,1.0,36.0
182,98.24068450927734,-2.7145077183376998e-05,163.12466430664062,-0.0,-0.9175273776054382,-0.0,0.9653692245483398,1.0,1.0,30.0
183,86.24698638916016,-2.7145077183376998e-05,119.7673110961914,0.0,-0.3826834559440613,-0.0,0.9719225168228149,1.0,1.0,21.0
184,86.06828308105469,-2.7145077183376998e-05,92.78498840332031,-0.0,-0.9238794445991516,-0.0,0.9603661894798279,1.0,1.0,21.0
185,113.91809844970703,-2.7145077183376998e-05,93.83800506591797,0.0,0.9238796234130859,0.0,0.9307873249053955,1.0,1.0,30.0
186,114.0317153930664,-2.7145077183376998e-05,120.67552947998047,0.0,0.35386618971824646,0.0,0.9699123501777649,1.0,1.0,21.0
187,144.07406616210938,-2.7145077183376998e-05,123.80963897705078,0.0,0.9238795638084412,0.0,0.9813266396522522,1.0,1.0,30.0
188,150.2071990966797,-2.7145077183376998e-05,130.166748046875,0.0,0.9238795638084412,0.0,0.9813266396522522,1.0,1.0,18.0
189,150.48046875,-2.7145077183376998e-05,157.1971893310547,0.0,0.38268405199050903,0.0,0.9603641033172607,1.0,1.0,21.0
190,121.55895233154297,-2.7145077183376998e-05,156.21743774414062,0.0,-0.3826834559440613,-0.0,0.9584364891052246,1.0,1.0,30.0
191,114.8731460571289,-2.7145077183376998e-05,148.6711883544922,0.0,-0.3826834559440613,-0.0,0.9584364891052246,1.0,1.0,27.0
192,115.13312530517578,-2.7145077183376998e-05,121.92272186279297,-0.0,-0.9352960586547852,-0.0,0.9699123501777649,1.0,1.0,21.0
193,67.26417541503906,-2.7145077183376998e-05,180.1418914794922,0.0,0.9238795638084412,0.0,0.9379264116287231,1.0,1.0,27.0
194,65.30961608886719,-2.7145077183376998e-05,197.04833984375,0.0,0.4004060924053192,0.0,0.9877802729606628,1.0,1.0,42.0
195,55.06510925292969,-2.7145077183376998e-05,207.7555389404297,0.0,0.4004060924053192,0.0,0.9877802729606628,1.0,1.0,42.0
196,40.5388298034668,-2.7145077183376998e-05,193.84799194335938,-0.0,-0.919069766998291,-0.0,0.9871038198471069,1.0,1.0,39.0
197,47.04264450073242,-2.7145077183376998e-05,187.0922088623047,-0.0,-0.919069766998291,-0.0,0.9871038198471069,1.0,1.0,12.0
198,52.104454040527344,-2.7145077183376998e-05,181.00811767578125,-0.0,-0.919069766998291,-0.0,0.9871038198471069,1.0,1.0,30.0
199,13.94369888305664,-2.7145077183376998e-05,191.9613037109375,0.0,-0.3826839327812195,-0.0,0.9526067972183228,1.0,1.0,21.0
200,16.573474884033203,-2.7145077183376998e-05,162.27978515625,-0.0,-0.9238795042037964,-0.0,0.9732542037963867,1.0,1.0,42.0
201,45.94145965576172,-2.7145077183376998e-05,159.1472930908203,0.0,0.9238793849945068,0.0,0.9237826466560364,1.0,1.0,18.0
202,43.054107666015625,-2.7145077183376998e-05,188.79161071777344,0.0,0.3940947353839874,0.0,0.97420734167099,1.0,1.0,42.0
203,105.96224975585938,-2.7145077183376998e-05,141.09942626953125,0.0,0.923879861831665,0.0,0.8963392972946167,1.0,1.0,18.0
204,103.74789428710938,-2.7145077183376998e-05,156.7164306640625,0.0,0.39767277240753174,0.0,0.9811105728149414,1.0,1.0,39.0
205,94.24237823486328,-2.7145077183376998e-05,165.96060180664062,0.0,0.39767277240753174,0.0,0.9811105728149414,1.0,1.0,36.0
206,85.44551849365234,-2.7145077183376998e-05,175.19651794433594,0.0,0.39767277240753174,0.0,0.9811105728149414,1.0,1.0,36.0
207,80.29805755615234,-2.7145077183376998e-05,181.8015899658203,0.0,0.39767277240753174,0.0,0.9811105728149414,1.0,1.0,9.0
208,67.38592529296875,-2.7145077183376998e-05,180.02015686035156,0.0,-0.3826834559440613,-0.0,0.9379264116287231,1.0,1.0,27.0
209,69.45122528076172,-2.7145077183376998e-05,163.32522583007812,-0.0,-0.9283556342124939,-0.0,0.9807989001274109,1.0,1.0,42.0
210,80.58362579345703,-2.7145077183376998e-05,153.6811981201172,-0.0,-0.9283556342124939,-0.0,0.9807989001274109,1.0,1.0,42.0
211,90.85408782958984,-2.7145077183376998e-05,143.8439178466797,-0.0,-0.9283556342124939,-0.0,0.9807989001274109,1.0,1.0,39.0
212,46.23136901855469,-2.7145077183376998e-05,158.85736083984375,0.0,-0.38268381357192993,-0.0,0.9237826466560364,1.0,1.0,18.0
213,48.79377746582031,-2.7145077183376998e-05,130.05947875976562,-0.0,-0.9238795638084412,-0.0,0.9641504287719727,1.0,1.0,36.0
214,56.88530349731445,-2.7145077183376998e-05,121.78883361816406,-0.0,-0.9238795638084412,-0.0,0.9641504287719727,1.0,1.0,30.0
215,84.99053192138672,-2.7145077183376998e-05,121.02376556396484,0.0,0.9238795638084412,0.0,0.9719225168228149,1.0,1.0,21.0
216,83.58318328857422,-2.7145077183376998e-05,149.1492156982422,0.0,0.37169328331947327,0.0,0.9647988677024841,1.0,1.0,33.0
217,75.05868530273438,-2.7145077183376998e-05,156.98619079589844,0.0,0.37169328331947327,0.0,0.9647988677024841,1.0,1.0,33.0
218,320.85479736328125,-0.007837875746190548,208.86016845703125,0.0,-0.00884243007749319,-0.0,1.0,1.0,1.0,80.0
219,286.66546630859375,-0.007837875746190548,174.67083740234375,0.0,-0.7071067690849304,0.0,1.0,1.0,1.0,77.0
220,321.6805725097656,-0.007837875746190548,139.65574645996094,0.0,1.0,0.0,1.0,1.0,1.0,77.0
221,357.10888671875,-0.007837875746190548,175.08409118652344,0.0,0.7008265256881714,0.0,1.0,1.0,1.0,77.0
222,357.10888671875,-0.007837875746190548,175.08409118652344,0.0,0.9999608993530273,0.0,1.0,1.0,1.0,79.0
223,374.5195007324219,-0.007837875746190548,192.4947052001953,0.0,0.7071067690849304,0.0,1.0,1.0,1.0,79.0
224,339.5044250488281,-0.007837875746190548,227.50978088378906,0.0,1.0536716388287459e-07,0.0,1.0,1.0,1.0,79.0
225,320.85479736328125,-0.007837875746190548,208.86016845703125,0.0,-0.7133316993713379,0.0,1.0,1.0,1.0,76.0
226,403.170166015625,-0.007837875746190548,221.1453857421875,0.0,1.0,0.0,1.0,1.0,1.0,79.0
227,421.6805419921875,-0.007837875746190548,239.65576171875,0.0,0.7071067690849304,0.0,1.0,1.0,1.0,79.0
228,386.66546630859375,-0.007837875746190548,274.67083740234375,0.0,-0.0,-0.0,1.0,1.0,1.0,79.0
229,368.15509033203125,-0.007837875746190548,256.16046142578125,0.0,-0.7071067690849304,0.0,1.0,1.0,1.0,79.0
230,368.15509033203125,-0.007837875746190548,256.16046142578125,0.0,-4.2146844236867764e-08,-0.0,1.0,1.0,1.0,77.0
231,339.5044250488281,-0.007837875746190548,227.50978088378906,0.0,-0.7071068286895752,0.0,1.0,1.0,1.0,80.0
232,374.5195007324219,-0.007837875746190548,192.4947052001953,0.0,1.0,0.0,1.0,1.0,1.0,77.0
233,403.170166015625,-0.007837875746190548,221.1453857421875,0.0,0.7071067094802856,0.0,1.0,1.0,1.0,80.0
234,277.2984924316406,-0.007837875746190548,249.9384765625,0.0,0.7138837575912476,0.0,1.0,1.0,1.0,77.0
235,254.63088989257812,-0.007837875746190548,272.6060791015625,0.0,4.21468548950088e-08,0.0,1.0,1.0,1.0,80.0
236,221.68055725097656,-0.007837875746190548,239.65576171875,0.0,-0.7071067094802856,-0.0,1.0,1.0,1.0,76.0
237,243.07821655273438,-0.007837875746190548,218.2581024169922,-0.0,-0.9999536275863647,-0.0,1.0,1.0,1.0,79.0
238,317.55804443359375,-0.007837875746190548,287.65814208984375,0.0,0.7128391265869141,0.0,1.0,1.0,1.0,77.0
239,293.6205139160156,-0.007837875746190548,311.5956726074219,0.0,8.429371689544496e-08,0.0,1.0,1.0,1.0,80.0
240,254.63088989257812,-0.007837875746190548,272.6060791015625,0.0,-0.7071066498756409,-0.0,1.0,1.0,1.0,77.0
241,277.2984924316406,-0.007837875746190548,249.9384765625,-0.0,-0.9999668598175049,-0.0,1.0,1.0,1.0,80.0
242,330.47998046875,-0.007837875746190548,274.7362060546875,0.0,-0.717980682849884,0.0,1.0,1.0,1.0,80.0
243,358.60540771484375,-0.007837875746190548,246.6107635498047,0.0,1.0,0.0,1.0,1.0,1.0,77.0
244,386.66546630859375,-0.007837875746190548,274.67083740234375,0.0,0.7071067094802856,0.0,1.0,1.0,1.0,80.0
245,356.7982177734375,-0.007837875746190548,304.5380859375,0.0,-0.015498179942369461,-0.0,1.0,1.0,1.0,77.0
246,356.7982177734375,-0.007837875746190548,304.5380859375,0.0,0.6960629820823669,0.0,1.0,1.0,1.0,80.0
247,321.6805725097656,-0.007837875746190548,339.6557312011719,0.0,-2.107342389479072e-08,-0.0,1.0,1.0,1.0,80.0
248,293.6205139160156,-0.007837875746190548,311.5956726074219,0.0,-0.7071067690849304,-0.0,1.0,1.0,1.0,80.0
249,330.47998046875,-0.007837875746190548,274.7362060546875,0.0,0.9998798966407776,0.0,1.0,1.0,1.0,77.0
250,292.4158935546875,-0.007837875746190548,234.82107543945312,0.0,0.7114714980125427,0.0,1.0,1.0,1.0,75.0
251,277.2984924316406,-0.007837875746190548,249.9384765625,0.0,0.009630434215068817,0.0,1.0,1.0,1.0,78.0
252,243.07821655273438,-0.007837875746190548,218.2581024169922,0.0,-0.7002642750740051,-0.0,1.0,1.0,1.0,76.0
253,258.6493225097656,-0.007837875746190548,202.68699645996094,-0.0,-0.9999808669090271,-0.0,1.0,1.0,1.0,79.0
254,258.6493225097656,-0.007837875746190548,202.68699645996094,0.0,-0.7027149796485901,-0.0,1.0,1.0,1.0,77.0
255,286.66546630859375,-0.007837875746190548,174.67083740234375,-0.0,-1.0,-0.0,1.0,1.0,1.0,77.0
256,320.85479736328125,-0.007837875746190548,208.86016845703125,0.0,0.6990143060684204,0.0,1.0,1.0,1.0,77.0
257,292.4158935546875,-0.007837875746190548,234.82107543945312,0.0,-0.005188250448554754,-0.0,1.0,1.0,1.0,80.0
258,330.47998046875,-0.007837875746190548,274.7362060546875,0.0,0.7028989195823669,0.0,1.0,1.0,1.0,78.0
259,317.55804443359375,-0.007837875746190548,287.65814208984375,0.0,0.008139881305396557,0.0,1.0,1.0,1.0,78.0
260,277.2984924316406,-0.007837875746190548,249.9384765625,0.0,-0.7013276815414429,-0.0,1.0,1.0,1.0,75.0
261,292.4158935546875,-0.007837875746190548,234.82107543945312,0.0,0.9999824166297913,0.0,1.0,1.0,1.0,75.0
262,292.4158935546875,-0.007837875746190548,234.82107543945312,0.0,-0.7192425727844238,0.0,1.0,1.0,1.0,77.0
263,320.85479736328125,-0.007837875746190548,208.86016845703125,0.0,0.9999352693557739,0.0,1.0,1.0,1.0,80.0
264,358.60540771484375,-0.007837875746190548,246.6107635498047,0.0,0.7071068286895752,0.0,1.0,1.0,1.0,80.0
265,330.47998046875,-0.007837875746190548,274.7362060546875,0.0,-0.0059331986121833324,-0.0,1.0,1.0,1.0,77.0
266,267.283935546875,-5.167501876712777e-05,-29.037700653076172,0.0,0.9999684691429138,0.0,1.0,1.0,1.0,80.0
267,299.12213134765625,-5.167501876712777e-05,2.8004841804504395,0.0,0.7071067690849304,0.0,1.0,1.0,1.0,77.0
268,264.1070556640625,-5.167501876712777e-05,37.815555572509766,0.0,-0.0,-0.0,1.0,1.0,1.0,80.0
269,231.15672302246094,-5.167501876712777e-05,4.8652238845825195,0.0,-0.7126973271369934,0.0,1.0,1.0,1.0,77.0
270,287.80865478515625,-5.167501876712777e-05,-91.56396484375,0.0,-0.7002298831939697,-0.0,1.0,1.0,1.0,77.0
271,311.2680969238281,-5.167501876712777e-05,-115.02338409423828,0.0,1.0,0.0,1.0,1.0,1.0,80.0
272,364.1070556640625,-5.167501876712777e-05,-62.18444061279297,0.0,0.7071067690849304,0.0,1.0,1.0,1.0,76.0
273,342.6943054199219,-5.167501876712777e-05,-40.771690368652344,0.0,0.00967862643301487,0.0,1.0,1.0,1.0,79.0
274,238.6009521484375,-5.167501876712777e-05,-136.67832946777344,0.0,-0.6993984580039978,-0.0,1.0,1.0,1.0,77.0
275,264.1070556640625,-5.167501876712777e-05,-162.18443298339844,-0.0,-1.0,-0.0,1.0,1.0,1.0,80.0
276,311.2680969238281,-5.167501876712777e-05,-115.02338409423828,0.0,0.7071066498756409,0.0,1.0,1.0,1.0,77.0
277,287.80865478515625,-5.167501876712777e-05,-91.56396484375,0.0,0.010842186398804188,0.0,1.0,1.0,1.0,80.0
278,192.1671142578125,-5.167501876712777e-05,-34.124385833740234,0.0,-0.006171077489852905,-0.0,1.0,1.0,1.0,80.0
279,164.10707092285156,-5.167501876712777e-05,-62.18444061279297,0.0,-0.7071067690849304,0.0,1.0,1.0,1.0,80.0
280,199.1221466064453,-5.167501876712777e-05,-97.19951629638672,-0.0,-1.0,-0.0,1.0,1.0,1.0,80.0
281,228.04669189453125,-5.167501876712777e-05,-68.27497863769531,0.0,0.7027298212051392,0.0,1.0,1.0,1.0,77.0
282,267.283935546875,-5.167501876712777e-05,-29.037700653076172,0.0,-0.006379817612469196,-0.0,1.0,1.0,1.0,79.0
283,247.26763916015625,-5.167501876712777e-05,-49.05402374267578,0.0,-0.7029043436050415,-0.0,1.0,1.0,1.0,79.0
284,287.80865478515625,-5.167501876712777e-05,-91.56396484375,-0.0,-0.9995796084403992,-0.0,1.0,1.0,1.0,79.0
285,311.96826171875,-5.167501876712777e-05,-71.49772644042969,0.0,0.7188118100166321,0.0,1.0,1.0,1.0,73.0
286,228.04669189453125,-5.167501876712777e-05,-68.27497863769531,0.0,-0.00547343585640192,-0.0,1.0,1.0,1.0,80.0
287,199.1221466064453,-5.167501876712777e-05,-97.19951629638672,0.0,-0.7071067094802856,-0.0,1.0,1.0,1.0,80.0
288,238.6009521484375,-5.167501876712777e-05,-136.67832946777344,-0.0,-1.0,-0.0,1.0,1.0,1.0,77.0
289,268.3899841308594,-5.167501876712777e-05,-106.88929748535156,0.0,0.70322585105896,0.0,1.0,1.0,1.0,77.0
290,268.3899841308594,-5.167501876712777e-05,-106.88929748535156,-0.0,-0.9997157454490662,-0.0,1.0,1.0,1.0,82.0
291,287.80865478515625,-5.167501876712777e-05,-91.56396484375,0.0,0.7315838932991028,0.0,1.0,1.0,1.0,73.0
292,247.26763916015625,-5.167501876712777e-05,-49.05402374267578,0.0,0.005925621837377548,0.0,1.0,1.0,1.0,76.0
293,228.04669189453125,-5.167501876712777e-05,-68.27497863769531,0.0,-0.7109665274620056,0.0,1.0,1.0,1.0,76.0
294,247.26763916015625,-5.167501876712777e-05,-49.05402374267578,-0.0,-0.999975323677063,-0.0,1.0,1.0,1.0,76.0
295,267.283935546875,-5.167501876712777e-05,-29.037700653076172,0.0,0.7014715671539307,0.0,1.0,1.0,1.0,76.0
296,231.15672302246094,-5.167501876712777e-05,4.8652238845825195,0.0,-0.007937658578157425,-0.0,1.0,1.0,1.0,79.0
297,213.2369842529297,-5.167501876712777e-05,-13.054508209228516,0.0,-0.7021206617355347,-0.0,1.0,1.0,1.0,79.0
298,213.2369842529297,-5.167501876712777e-05,-13.054508209228516,0.0,0.0070266686379909515,0.0,1.0,1.0,1.0,76.0
299,192.1671142578125,-5.167501876712777e-05,-34.124385833740234,0.0,-0.7114569544792175,0.0,1.0,1.0,1.0,76.0
300,228.04669189453125,-5.167501876712777e-05,-68.27497863769531,0.0,0.9999809861183167,0.0,1.0,1.0,1.0,79.0
301,247.26763916015625,-5.167501876712777e-05,-49.05402374267578,0.0,0.712057888507843,0.0,1.0,1.0,1.0,79.0
302,319.1480407714844,-5.167501876712777e-05,-17.225412368774414,0.0,0.7071067094802856,0.0,1.0,1.0,1.0,76.0
303,299.12213134765625,-5.167501876712777e-05,2.8004841804504395,0.0,-4.214686200043616e-08,-0.0,1.0,1.0,1.0,79.0
304,267.283935546875,-5.167501876712777e-05,-29.037700653076172,0.0,-0.7168458700180054,0.0,1.0,1.0,1.0,76.0
305,288.4219970703125,-5.167501876712777e-05,-47.95145034790039,0.0,0.9999038577079773,0.0,1.0,1.0,1.0,79.0
306,288.4219970703125,-5.167501876712777e-05,-47.95145034790039,0.0,-0.7071067094802856,-0.0,1.0,1.0,1.0,80.0
307,311.96826171875,-5.167501876712777e-05,-71.49772644042969,-0.0,-1.0,-0.0,1.0,1.0,1.0,80.0
308,342.6943054199219,-5.167501876712777e-05,-40.771690368652344,0.0,0.7071068286895752,0.0,1.0,1.0,1.0,80.0
309,319.1480407714844,-5.167501876712777e-05,-17.225412368774414,0.0,1.2644055402688537e-07,0.0,1.0,1.0,1.0,77.0
310,29.17268180847168,-2.7145077183376998e-05,78.68600463867188,0.0,-0.7071067690849304,-0.0,1.0,1.0,1.0,80.0
311,64.60102081298828,-2.7145077183376998e-05,43.25766372680664,-0.0,-1.0,-0.0,1.0,1.0,1.0,80.0
312,99.6161117553711,-2.7145077183376998e-05,78.27275085449219,0.0,0.7071067690849304,0.0,1.0,1.0,1.0,77.0
313,64.1877670288086,-2.7145077183376998e-05,113.70108795166016,0.0,-2.10734274475044e-08,-0.0,1.0,1.0,1.0,80.0
314,64.1877670288086,-2.7145077183376998e-05,113.70108795166016,0.0,0.7071067094802856,0.0,1.0,1.0,1.0,79.0
315,46.777156829833984,-2.7145077183376998e-05,131.1116943359375,0.0,-2.10734274475044e-08,-0.0,1.0,1.0,1.0,79.0
316,11.762073516845703,-2.7145077183376998e-05,96.09661102294922,0.0,-0.7071067690849304,0.0,1.0,1.0,1.0,79.0
317,29.17268180847168,-2.7145077183376998e-05,78.68600463867188,0.0,1.0,0.0,1.0,1.0,1.0,79.0
318,18.12647247314453,-2.7145077183376998e-05,159.7623748779297,0.0,0.7071066498756409,0.0,1.0,1.0,1.0,79.0
319,-0.38389983773231506,-2.7145077183376998e-05,178.27273559570312,0.0,-8.42937097900176e-08,-0.0,1.0,1.0,1.0,79.0
320,-35.39897537231445,-2.7145077183376998e-05,143.25765991210938,0.0,-0.7071067690849304,0.0,1.0,1.0,1.0,79.0
321,-16.888599395751953,-2.7145077183376998e-05,124.74728393554688,0.0,1.0,0.0,1.0,1.0,1.0,76.0
322,-16.888599395751953,-2.7145077183376998e-05,124.74728393554688,0.0,-0.7071068286895752,0.0,1.0,1.0,1.0,80.0
323,11.762073516845703,-2.7145077183376998e-05,96.09661102294922,0.0,1.0,0.0,1.0,1.0,1.0,80.0
324,46.777156829833984,-2.7145077183376998e-05,131.1116943359375,0.0,0.7071067690849304,0.0,1.0,1.0,1.0,80.0
325,18.12647247314453,-2.7145077183376998e-05,159.7623748779297,0.0,-8.429368847373553e-08,-0.0,1.0,1.0,1.0,77.0
326,74.88375854492188,-2.7145077183376998e-05,187.63973999023438,-0.0,-0.9999536275863647,-0.0,1.0,1.0,1.0,77.0
327,97.55135345458984,-2.7145077183376998e-05,210.30734252929688,0.0,0.7071067690849304,0.0,1.0,1.0,1.0,80.0
328,64.60102081298828,-2.7145077183376998e-05,243.25767517089844,0.0,-0.0,-0.0,1.0,1.0,1.0,79.0
329,43.20336151123047,-2.7145077183376998e-05,221.86001586914062,0.0,-0.7002642750740051,-0.0,1.0,1.0,1.0,79.0
330,112.60342407226562,-2.7145077183376998e-05,147.38018798828125,-0.0,-0.9999668598175049,-0.0,1.0,1.0,1.0,77.0
331,136.5409698486328,-2.7145077183376998e-05,171.31771850585938,0.0,0.7071068286895752,0.0,1.0,1.0,1.0,77.0
332,97.55135345458984,-2.7145077183376998e-05,210.30734252929688,0.0,-4.2146844236867764e-08,-0.0,1.0,1.0,1.0,77.0
333,74.88375854492188,-2.7145077183376998e-05,187.63973999023438,0.0,-0.7013276815414429,-0.0,1.0,1.0,1.0,80.0
334,99.68148803710938,-2.7145077183376998e-05,134.458251953125,0.0,-0.015497978776693344,-0.0,1.0,1.0,1.0,80.0
335,71.55603790283203,-2.7145077183376998e-05,106.33281707763672,0.0,-0.7071067094802856,-0.0,1.0,1.0,1.0,77.0
336,99.6161117553711,-2.7145077183376998e-05,78.27275085449219,0.0,1.0,0.0,1.0,1.0,1.0,80.0
337,129.4833526611328,-2.7145077183376998e-05,108.13999938964844,0.0,0.6960630416870117,0.0,1.0,1.0,1.0,77.0
338,129.4833526611328,-2.7145077183376998e-05,108.13999938964844,0.0,0.9998798966407776,0.0,1.0,1.0,1.0,80.0
339,164.60101318359375,-2.7145077183376998e-05,143.25765991210938,0.0,0.7071068286895752,0.0,1.0,1.0,1.0,80.0
340,136.5409698486328,-2.7145077183376998e-05,171.31771850585938,0.0,1.2644055402688537e-07,0.0,1.0,1.0,1.0,77.0
341,99.68148803710938,-2.7145077183376998e-05,134.458251953125,0.0,-0.717980682849884,0.0,1.0,1.0,1.0,77.0
342,59.76634216308594,-2.7145077183376998e-05,172.52230834960938,-0.0,-0.9999808669090271,-0.0,1.0,1.0,1.0,75.0
343,74.88375854492188,-2.7145077183376998e-05,187.63973999023438,0.0,0.713883638381958,0.0,1.0,1.0,1.0,78.0
344,43.20336151123047,-2.7145077183376998e-05,221.86001586914062,0.0,0.00963025726377964,0.0,1.0,1.0,1.0,76.0
345,27.63226318359375,-2.7145077183376998e-05,206.28890991210938,0.0,-0.7027150392532349,-0.0,1.0,1.0,1.0,79.0
346,27.63226318359375,-2.7145077183376998e-05,206.28890991210938,0.0,0.006191746331751347,0.0,1.0,1.0,1.0,77.0
347,-0.38389983773231506,-2.7145077183376998e-05,178.27273559570312,0.0,-0.7071068286895752,0.0,1.0,1.0,1.0,80.0
348,32.566436767578125,-2.7145077183376998e-05,145.32240295410156,0.0,1.0,0.0,1.0,1.0,1.0,80.0
349,59.76634216308594,-2.7145077183376998e-05,172.52230834960938,0.0,0.7114715576171875,0.0,1.0,1.0,1.0,80.0
350,99.68148803710938,-2.7145077183376998e-05,134.458251953125,0.0,0.9999824166297913,0.0,1.0,1.0,1.0,78.0
351,112.60342407226562,-2.7145077183376998e-05,147.38018798828125,0.0,0.7128391265869141,0.0,1.0,1.0,1.0,78.0
352,74.88375854492188,-2.7145077183376998e-05,187.63973999023438,0.0,0.008139719255268574,0.0,1.0,1.0,1.0,75.0
353,59.76634216308594,-2.7145077183376998e-05,172.52230834960938,0.0,-0.7112900018692017,0.0,1.0,1.0,1.0,75.0
354,59.76634216308594,-2.7145077183376998e-05,172.52230834960938,0.0,-0.005933409556746483,-0.0,1.0,1.0,1.0,80.0
355,32.566436767578125,-2.7145077183376998e-05,145.32240295410156,0.0,-0.7071067690849304,0.0,1.0,1.0,1.0,77.0
356,71.55603790283203,-2.7145077183376998e-05,106.33281707763672,0.0,1.0,0.0,1.0,1.0,1.0,80.0
357,99.68148803710938,-2.7145077183376998e-05,134.458251953125,0.0,0.7028988599777222,0.0,1.0,1.0,1.0,77.0
